12-oxophytodienoic acid metabolites	77
2-arylbenzofurans	78
2-pyrone derivatives	79
3-Decalinoyltetramic acids	80
3-Spirotetramic acids	81
3-acyl tetramic acids	82
3-oligoenoyltetramic acids	83
4-pyrone derivatives	84
Abeoabietane diterpenoids	85
Abeolupane triterpenoids	86
Abeotaxane diterpenoids	87
Abietane diterpenoids	88
Acetate-derived alkaloids	89
Acetogenins	90
Acidic glycosphingolipids	91
Acorane sesquiterpenoids	92
Acridone alkaloids	93
Actinomycins	94
Acutumine alkaloids	95
Acyclic guanidine alkaloids	96
Acyclic monoterpenoids	97
Acyl phloroglucinols	98
Adianane triterpenoids	99
Aeruginosins	100
Aflatoxins	101
Africanane sesquiterpenoids	102
Agarofuran sesquiterpenoids	103
Alliacane sesquiterpenoids	104
Allohimachalane sesquiterpenoids	105
Amarylidaceae alkaloids	106
Amino cyclitols	107
Amino fatty acids	108
Aminoacids	109
Aminoglycosides	110
Aminosugars	111
Amphilectane diterpenoids	112
Anabaenopeptins	113
Androstane steroids	114
Angucyclines	115
Ansa macrolides	116
Ansa peptide alkaloids	117
Anthocyanidins	118
Anthracyclines	119
Anthranillic acid derivatives	120
Anthraquinones and anthrones	121
Antimycins	122
Aphidicolane diterpenoids	123
Apocarotenoids (C30, Ψ-Ψ)	124
Apocarotenoids (Ψ-)	125
Apocarotenoids (β-)	126
Apocarotenoids(ε-)	127
Aporphine alkaloids	128
Apotirucallane triterpenoids	129
Aristolane sesquiterpenoids	130
Aromadendrane sesquiterpenoids	131
Aromatic polyketides with side chains	132
Arteminisin	133
Arylnaphthalene and aryltetralin lignans	134
Asbestinane diterpenoids	135
Ascarosides	136
Ascomycins and Rapamycins	137
Asperane sesterterpenoids	138
Aspidosperma type	139
Aspidosperma-Iboga hybrid type (Vinca alkaloids)	140
Asteriscane sesquiterpenoids	141
Atisane diterpenoids	142
Aurones	143
Avermectins	144
Avilamycins and derivatives	145
Azaphilones	146
Baccharane triterpenoids	147
Bactoprenols	148
Bafilomycins	149
Bagremycins	150
Bauerane triterpenoids	151
Benastatins and derivatives	152
Benzodiazepine alkaloids	153
Bergamotane sesquiterpenoids	154
Betaestacin-type sesterterpenoids	155
Betalain alkaloids	156
Beyerane diterpenoids	157
Biaryl type diarylheptanoids	158
Bicyclic guanidine alkaloids	159
Bicyclogermacrane sesquiterpenoids	160
Bicyclohumulane sesquiterpenoids	161
Bisabolane sesquiterpenoids	162
Bisnaphthalenes	163
Bleomycins	164
Botryane sesquiterpenoids	165
Bourbonane sesquiterpenoids	166
Branched fatty acids	167
Brasilane sesquiterpenoids	168
Breviane diterpenoids	169
Briarane diterpenoids	170
Bryostatins	171
Bufadienolides	172
CDP-Glycerols	173
Cadinane sesquiterpenoids	174
Camphane monoterpenoids	175
Campherenane sesquiterpenoids	176
Cannabinoids	177
Capnellane sesquiterpenoids	178
Capsaicins and Capsaicinoids	179
Carabrane sesquiterpenoids	180
Carane monoterpenoids	181
Carbapenems	182
Carbazole alkaloids	183
Carbocyclic fatty acids	184
Carboline alkaloids	185
Cardenolides	186
Carotenoids (C40, Χ-Χ)	187
Carotenoids (C40, Χ-Ψ)	188
Carotenoids (C40, Ψ-Ψ)	189
Carotenoids (C40, β-Χ)	190
Carotenoids (C40, β-Ψ)	191
Carotenoids (C40, β-β)	192
Carotenoids (C40, β-γ)	193
Carotenoids (C40, β-ε)	194
Carotenoids (C40, β-κ)	195
Carotenoids (C40, β-π)	196
Carotenoids (C40, γ-Ψ)	197
Carotenoids (C40, γ-ε)	198
Carotenoids (C40, ε-Ψ)	199
Carotenoids (C40, ε-ε)	200
Carotenoids (C40, κ-Χ)	201
Carotenoids (C40, κ-κ)	202
Carotenoids (C40, π-Χ)	203
Carotenoids (C40, π-Ψ)	204
Carotenoids (C40, π-π)	205
Carotenoids (C45, Ψ-Ψ)	206
Carotenoids (C45, β-Ψ)	207
Carotenoids (C45, ε-Ψ)	208
Carotenoids (C50, Ψ-Ψ)	209
Carotenoids (C50, β-Ψ)	210
Carotenoids (C50, β-β)	211
Carotenoids (C50, γ-γ)	212
Carotenoids (C50, ε-ε)	213
Caryolane sesquiterpenoids	214
Caryophyllane sesquiterpenoids	215
Casbane diterpenoids	216
Cassane diterpenoids	217
Catechols with side chains	218
Cedrane and Isocedrane sesquiterpenoids	219
Cembrane diterpenoids	220
Cephalosporins	221
Cephamycins	222
Ceramides	223
Cericerane sesterterpenoids	224
Chalcones	225
Chamigrane sesquiterpenoids	226
Cheilanthane sesterterpenoids	227
Chiloscyphane sesquiterpenoids	228
Cholane steroids	229
Cholestane steroids	230
Chromones	231
Cinnamic acid amides	232
Cinnamic acids and derivatives	233
Cinnamoyl phenols	234
Clavams	235
Clavulones	236
Cleistanthane diterpenoids	237
Clovane sesquiterpenoids	238
Colensane and Clerodane diterpenoids	239
Coloratane sesquiterpenoids	240
Copaane sesquiterpenoids	241
Copacamphane sesquiterpenoids	242
Corynanthe type	243
Coumarinolignans	244
Coumaronochromones	245
Coumestan	246
Cryptophycins	247
Cubebane sesquiterpenoids	248
Cucurbitane triterpenoids	249
Cuparane sesquiterpenoids	250
Cyano esters	251
Cyanogenic glycosides	252
Cyanopeptolins	253
Cyathane diterpenoids	254
Cyclamides	255
Cyclic peptides	256
Cyclitols	257
Cycloabietane diterpenoids	258
Cycloamphilectane diterpenoids	259
Cycloapotirucallane triterpenoids	260
Cycloartane triterpenoids	261
Cyclobisabolane sesquiterpenoids	262
Cycloeudesmane sesquiterpenoids	263
Cyclofarnesane sesquiterpenoids	264
Cyclogermacrane sesquiterpenoids	265
Cyclolaurane sesquiterpenoids	266
Cyclonerane sesquiterpenoids	267
Cyclophytane diterpenoids	268
Cyclopiane diterpenoids	269
Cyclopiazonic acid-tpye tetramate alkaloids	270
Cytochalasan alkaloids	271
Cytosporins	272
DKXanthenes and derivatives	273
Dactylomelane diterpenoids	274
Dammarane and Protostane triterpenoids	275
Daphnane diterpenoids	276
Daucane sesquiterpenoids	277
Decalins with 2-pyrones	278
Decalins with side chains	279
Decipiane diterpenoids	280
Depsides and depsidones	281
Depsipeptides	282
Devadarane diterpenoids	283
Diacylglycerols	284
Dialkylresorcinols	285
Diarylether type diarylheptanoids	286
Dibenzocyclooctadienes lignans	287
Dibenzylbutane lignans	288
Dibenzylbutyrolactone lignans	289
Dicarboxylic acids	290
Dihydroflavonols	291
Dimeric phloroglucinols	292
Dipeptides	293
Disaccharides	294
Docosa-1,2-dioxolanes	295
Dolabellane diterpenoids	296
Dolastane diterpenoids	297
Dolichols	298
Drimane sesquiterpenoids	299
Dunniane sesquiterpenoids	300
Ecdysteroids	301
Eicosa-1,2-dioxolanes	302
Elemane sesquiterpenoids	303
Elfamycins	304
Enediynes	305
Epothilones	306
Epoxy fatty acids	307
Epoxyeicosatrienoic acids	308
Eremane diterpenoids	309
Eremophilane sesquiterpenoids	310
Ergostane steroids	311
Ergot alkaloids	312
Erythromycins	313
Erythroxylane diterpenoids	314
Estrane steroids	315
Eudesmane sesquiterpenoids	316
Eunicellane diterpenoids	317
Farnesane sesquiterpenoids	318
Fasamycins and derivatives	319
Fatty acid estolides	320
Fatty acyl CoAs	321
Fatty acyl carnitines	322
Fatty acyl glycosides of mono- and disaccharides	323
Fatty acyl homoserine lactones	324
Fatty alcohols	325
Fatty aldehydes	326
Fatty ethers	327
Fatty nitriles	328
Fenchane monoterpenoids	329
Fernane and Arborinane triterpenoids	330
Filicane triterpenoids	331
Flavan-3-ols	332
Flavandiols (Leucoanthocyanidins)	333
Flavanones	334
Flavans	335
Flavones	336
Flavonolignans	337
Flavonols	338
Flavonostilbenes	339
Friedelane triterpenoids	340
Fukinane sesquiterpenoids	341
Furanoabietane diterpenoids	342
Furanoid lignans	343
Furocoumarins	344
Furofuranoid lignans	345
Furostane steroids	346
Fusicoccane diterpenoids	347
Fusidane triterpenoids	348
Gallotannins	349
Gammacerane triterpenoids	350
Germacrane sesquiterpenoids	351
Gersemiane diterpenoids	352
Gibberellins	353
Glucosinolates	354
Glutinane triterpenoids	355
Glycerophosphates	356
Glycerophosphocholines	357
Glycerophosphoethanolamines	358
Glycerophosphoglycerols	359
Glycerophosphoglycerophosphates	360
Glycerophosphoglycerophosphoglycerols	361
Glycerophosphoinositol phosphates	362
Glycerophosphoinositolglycans	363
Glycerophosphoinositols	364
Glycerophosphoserines	365
Glycosyldiacylglycerols	366
Glycosylglycerophospholipids	367
Glycosylmonoacylglycerols	368
Gorgonane sesquiterpenoids	369
Grayanotoxane diterpenoids	370
Griseofulvins	371
Guaiane sesquiterpenoids	372
Guanacastane diterpenoids	373
Gymnomitrane sesquiterpenoids	374
Halimane diterpenoids	375
Halogenated fatty acids	376
Hamigerane sesquiterpenoids	377
Hapalindole alkaloids	378
Hasubanan alkaloids	379
Hepoxilins	380
Herbertane sesquiterpenoids	381
Heterocyclic fatty acids	382
Himachalane sesquiterpenoids	383
Hirsutane sesquiterpenoids	384
Homofarnesane sesquiterpenoids	385
Hopane and Moretane triterpenoids	386
Humbertiane sesquiterpenoids	387
Humulane sesquiterpenoids	388
Hydrocarbons	389
Hydroperoxy fatty acids	390
Hydroxy fatty acids	391
Hydroxy-hydroperoxyeicosapentaenoic acids	392
Hydroxy-hydroperoxyeicosatetraenoic acids	393
Hydroxy-hydroperoxyeicosatrienoic acids	394
Iboga type	395
Icetexane diterpenoids	396
Illudalane sesquiterpenoids	397
Illudane sesquiterpenoids	398
Imidazole alkaloids	399
Indole diketopiperazine alkaloids (L-Trp, L-Ala)	400
Indole diketopiperazine alkaloids (L-Trp, L-Pro)	401
Indole diketopiperazine alkaloids (L-Trp, L-Trp)	402
Indole-Diterpenoid alkaloids (Penitrems)	403
Indolizidine alkaloids	404
Ingenane diterpenoids	405
Iphionane sesquiterpenoids	406
Iridoids monoterpenoids	407
Irregular monoterpenoids	408
Isariotin alkaloids	409
Ishwarane sesquiterpenoids	410
Isoaurones	411
Isocomane sesquiterpenoids	412
Isocoumarins	413
Isodaucane sesquiterpenoids	414
Isoflavanones	415
Isoflavones	416
Isofurans	417
Isoindole alkaloids	418
Isolactarane sesquiterpenoids	419
Isoprostanes	420
Isoquinoline alkaloids	421
Ivaxillarane sesquiterpenoids	422
Jasmonic acids	423
Jatrophane diterpenoids	424
Jatropholane diterpenoids	425
Kaurane and Phyllocladane diterpenoids	426
Kavalactones and derivatives	427
Kempane diterpenoids	428
Labdane diterpenoids	429
Lactam bearing macrolide lactones	430
Lactarane sesquiterpenoids	431
Lactones	432
Ladder polyethers	433
Lanostane, Tirucallane and Euphane triterpenoids	434
Lathyrane diterpenoids	435
Laurane sesquiterpenoids	436
Leukotrienes	437
Levuglandins	438
Limonoids	439
Linear diarylheptanoids	440
Linear peptides	441
Linear polyenes	442
Linear sesterterpenoids	443
Linear tetronates	444
Lipopeptides	445
Lipoxins	446
Lippifoliane sesquiterpenoids	447
Lobane diterpenoids	448
Long-Chain Bicyclic Phosphotriester	449
Longibornane sesquiterpenoids	450
Longifolane sesquiterpenoids	451
Longipinane sesquiterpenoids	452
Luminacins and derivatives	453
Lupane triterpenoids	454
Macrocyclic tetramic acids	455
Macrolide lactams	456
Macrolide lactones	457
Macrotetrolides	458
Malabaricane triterpenoids	459
Maleidrides	460
Mangicol-type sesterterpenoids	461
Marasmane sesquiterpenoids	462
Maresins	463
Megastigmanes	464
Melithiazole and Myxothiazole derivatives	465
Menthane monoterpenoids	466
Meromonoterpenoids	467
Merosesquiterpenoids	468
Meroterpenoids with 5- or 6-membered ring	469
Meroterpenoids with bridged ring	470
Methoxy fatty acids	471
Methyl xanthones	472
Microcolins and mirabimids	473
Microcystins	474
Microginins	475
Minor lignans	476
Miscellaneous apocarotenoids	477
Miscellaneous meroterpenoids	478
Monacolins and Monacolin derivatives	479
Monoacylglycerols	480
Monoalkylresorcinols	481
Monocarbocyclic sesterterpenoids	482
Monocyclic guanidine alkaloids	483
Monocyclic monoterpenoids	484
Monomeric stilbenes	485
Monosaccharides	486
Morphinan alkaloids	487
Mulinane diterpenoids	488
Multiflorane triterpenoids	489
Mycolic acids	490
Mycosporine and Mycosporine-like amino acids	491
Myrsinane diterpenoids	492
N-acyl amines	493
N-acyl ethanolamines (endocannabinoids)	494
Nagilactone diterpenoids	495
Naphthalenes and derivatives	496
Naphthoquinones	497
Nardosinane sesquiterpenoids	498
Neoflavonoids	499
Neohopane triterpenoids	500
Neolignans	501
Neurofurans	502
Neuroprostanes	503
Neutral glycosphingolipids	504
Nitro fatty acids	505
Norcembrane diterpenoids	506
Noreremophilane sesquiterpenoids	507
Noreudesmane sesquiterpenoids	508
Norkaurane diterpenoids	509
Norlabdane diterpenoids	510
Norpimarane and Norisopimarane diterpenoids	511
Norsesterterpenoids	512
Oblogolides	513
Obtusane diterpenoids	514
Oleanane triterpenoids	515
Oligomeric phloroglucinols (phlorotannins)	516
Oligomeric stibenes	517
Oligomycins	518
Onocerane triterpenoids	519
Open-chain polyketides	520
Open-chained neoflavonoids	521
Ophiobolane sesterterpenoids	522
Oplopane sesquiterpenoids	523
Oppositane sesquiterpenoids	524
Other Docosanoids	525
Other Eicosanoids	526
Other Octadecanoids	527
Other indole diketopiperazine alkaloids	528
Other polyketide meroterpenoids	529
Oxa-Bridged Macrolides	530
Oxasqualenoids	531
Oxazole alkaloids	532
Oxidized glycerophospholipids	533
Oxo fatty acids	534
Oxygenated hydrocarbons	535
Pachydictyane diterpenoids	536
Pachysanane triterpenoids	537
Pacifigorgiane sesquiterpenoids	538
Panasinsane sesquiterpenoids	539
Paraconic acids and derivatives	540
Paraliane diterpenoids	541
Parguerane diterpenoids	542
Patchoulane sesquiterpenoids	543
Paulomycins and derivatives	544
Penicillins	545
Pentacyclic guanidine alkaloids	546
Pentalenane sesquiterpenoids	547
Pepluane diterpenoids	548
Perforane sesquiterpenoids	549
Phenazine alkaloids	550
Phenethylisoquinoline alkaloids	551
Phenoxazine alkaloids	552
Phenylalanine-derived alkaloids	553
Phenylethanoids	554
Phenylethylamines	555
Phloroglucinol-terpene hybrids	556
Phosphosphingolipids	557
Phthalide derivatives	558
Phytane diterpenoids	559
Phytofurans	560
Phytoprostanes	561
Picrotoxane sesquiterpenoids	562
Pimarane and Isopimarane diterpenoids	563
Pimprinine alkaloids	564
Pinane monoterpenoids	565
Pinguisane sesquiterpenoids	566
Piperidine alkaloids	567
Plant xanthones	568
Platensimycin and Platencins	569
Podocarpane diterpenoids	570
Polyamines	571
Polyene macrolides	572
Polyesters	573
Polyether ionophores	574
Polypodane triterpenoids	575
Polyprenylated cyclic polyketides (Hop meroterpenoids)	576
Polysaccharides	577
Pradimicins	578
Pregnane steroids	579
Premyrsinane diterpenoids	580
Prenyl quinone meroterpenoids	581
Prenylated,geranylated phloroglucinols	582
Prenylbisabolane diterpenoids	583
Prenyleudesmane diterpenoids	584
Presilphiperfolane and Probotryane sesquiterpenoids	585
Prezizaane sesquiterpenoids	586
Primary amides	587
Proanthocyanins	588
Prostaglandins	589
Protoberberine alkaloids	590
Protoilludane sesquiterpenoids	591
Protopine alkaloids	592
Pseudoguaiane sesquiterpenoids	593
Pseudopterane diterpenoids	594
Pterocarpan	595
Pulvinones	596
Purine alkaloids	597
Purine nucleosides	598
Purine nucleotides	599
Pyranocoumarins	600
Pyrazine and Piperazine alkaloids	601
Pyridine alkaloids	602
Pyrimidine nucleosides	603
Pyrimidine nucleotides	604
Pyrrocidine tetramate alkaloids	605
Pyrrole alkaloids	606
Pyrrolidine alkaloids	607
Pyrrolizidine alkaloids	608
Pyrroloindole alkaloids	609
Pyrroloquinoline alkaloids	610
Quadrane sesquiterpenoids	611
Quassinoids	612
Quinazoline alkaloids	613
Quinoline alkaloids	614
Quinolizidine alkaloids	615
Resin glycosides	616
Resolvin Ds	617
Resolvin Es	618
Rhamnofolane diterpenoids	619
Rhamnolipids	620
Rhizoxins	621
RiPPs	622
Rotenoids	623
Rotundane sesquiterpenoids	624
Sacculatane diterpenoids	625
Salinosporamides	626
Santalane sesquiterpenoids	627
Saponaceolide triterpenoids	628
Sativane sesquiterpenoids	629
Saxitoxins	630
Scalarane sesterterpenoids	631
Secoabietane diterpenoids	632
Secochamigrane sesquiterpenoids	633
Secoeudesmane sesquiterpenoids	634
Secogermacrane sesquiterpenoids	635
Secoiridoid monoterpenoids	636
Secokaurane diterpenoids	637
Secolabdane diterpenoids	638
Segetane diterpenoids	639
Selaginellins	640
Serratane triterpenoids	641
Serrulatane and Biflorane diterpenoids	642
Shikimic acids and derivatives	643
Shionane triterpenoids	644
Silphinane sesquiterpenoids	645
Silphiperfolane sesquiterpenoids	646
Simple aromatic polyketides	647
Simple coumarins	648
Simple cyclic polyketides	649
Simple diketopiperazine alkaloids	650
Simple indole alkaloids	651
Simple oxindole alkaloids	652
Simple phenolic acids	653
Sinularane sesquiterpenoids	654
Sophorolipids	655
Sorbicilinoids	656
Sphaerane diterpenoids	657
Sphaeroane diterpenoids	658
Sphenolobane diterpenoids	659
Sphingoid bases	660
Spiroaxane sesquiterpenoids	661
Spirodioxynaphthalenes	662
Spirostane steroids	663
Spirotetronate macrolides	664
Spirovetivane sesquiterpenoids	665
Spongiane diterpenoids	666
Spriromeroterpenoids	667
Stemona alkaloids	668
Steroidal alkaloids	669
Sterpurane sesquiterpenoids	670
Stictane triterpenoids	671
Stigmastane steroids	672
Stilbenolignans	673
Straight chain fatty acids	674
Streptogramins	675
Streptothricins and derivatives	676
Strobilurins and derivatives	677
Strychnos type	678
Tantazoles and mirabazoles	679
Taraxerane triterpenoids	680
Taxane diterpenoids	681
Terpenoid alkaloids	682
Terpenoid tetrahydroisoquinoline alkaloids	683
Tetracyclic diterpenoids	684
Tetracyclines	685
Tetrahydroisoquinoline alkaloids	686
Tetraketide meroterpenoids	687
Tetrodotoxins	688
Thapsane sesquiterpenoids	689
Thia fatty acids	690
Thiodiketopiperazine alkaloids	691
Thromboxanes	692
Thujane monoterpenoids	693
Thujopsane sesquiterpenoids	694
Tigliane diterpenoids	695
Totarane diterpenoids	696
Trachylobane diterpenoids	697
Tremulane sesquiterpenoids	698
Triacylglycerols	699
Trichothecane sesquiterpenoids	700
Tricyclic guanidine alkaloids	701
Triketide meroterpenoids	702
Trinervitane diterpenoids	703
Tripeptides	704
Tropane alkaloids	705
Tropolones and derivatives (PKS)	706
Tropolones and derivatives (Shikimate)	707
Tylosins	708
Unsaturated fatty acids	709
Ursane and Taraxastane triterpenoids	710
Valerane sesquiterpenoids	711
Valerenane sesquiterpenoids	712
Valparane diterpenoids	713
Vancomycins and Teicoplanins	714
Verrucosane diterpenoids	715
Verticillane diterpenoids	716
Villanovane diterpenoids	717
Viscidane diterpenoids	718
Vitamin D2 and derivatives	719
Vitamin D3 and derivatives	720
Wax diesters	721
Wax monoesters	722
Xeniaphyllane diterpenoids	723
Xenicane diterpenoids	724
Yohimbine-like alkaloids	725
Zearalenones	726
Zizaane sesquiterpenoids	727
m-Terphenyls	728
p-Terphenyls	729
